2008,"ASTON MARTIN","V8 VANTAGE",13,20,15
2008,"ASTON MARTIN","V8 VANTAGE",12,19,15
2008,"AUDI","R8",13,19,15
2008,"AUDI","R8",13,20,15
2008,"AUDI","TT ROADSTER",22,29,25
2008,"AUDI","TT ROADSTER QUATTRO",18,24,20
2008,"AUDI","TT ROADSTER QUATTRO",17,24,19
2008,"BMW","Z4 3.0I",19,28,22
2008,"BMW","Z4 3.0I",18,28,21
2008,"BMW","Z4 3.0SI",19,28,22
2008,"BMW","Z4 3.0SI",18,28,21
2008,"BMW","Z4 COUPE",19,28,22
2008,"BMW","Z4 COUPE",18,28,21
2008,"BMW","Z4 M COUPE",15,23,18
2008,"BMW","Z4 M ROADSTER",15,23,18
2008,"BUGATTI","VEYRON",8,14,10
2008,"CADILLAC","XLR",14,21,16
2008,"CADILLAC","XLR",15,24,18
2008,"CHEVROLET","CORVETTE",15,25,18
2008,"CHEVROLET","CORVETTE",16,26,19
2008,"CHEVROLET","CORVETTE",15,24,18
2008,"CHRYSLER","CROSSFIRE COUPE",19,25,21
2008,"CHRYSLER","CROSSFIRE COUPE",15,23,18
2008,"CHRYSLER","CROSSFIRE ROADSTER",19,25,21
2008,"CHRYSLER","CROSSFIRE ROADSTER",15,23,18
2008,"DODGE","VIPER CONVERTIBLE",13,22,16
2008,"DODGE","VIPER COUPE",13,22,16
2008,"FERRARI","F430",11,16,13
2008,"FERRARI","F430",11,16,13
2008,"FERRARI","FERRARI 599 GTB FIORANO",11,15,12
2008,"FERRARI","FERRARI 599 GTB FIORANO",11,15,12
2008,"HONDA","S2000",18,25,21
2008,"LAMBORGHINI","GALLARDO COUPE",11,17,13
2008,"LAMBORGHINI","GALLARDO COUPE",10,17,13
2008,"LAMBORGHINI","GALLARDO SPYDER",10,16,12
2008,"LAMBORGHINI","GALLARDO SPYDER",10,15,12
2008,"LAMBORGHINI","MURCIELAGO",9,14,11
2008,"LAMBORGHINI","MURCIELAGO",8,13,10
2008,"LAMBORGHINI","MURCIELAGO REVENTON",9,14,11
2008,"LAMBORGHINI","MURCIELAGO ROADSTER",9,14,11
2008,"LAMBORGHINI","MURCIELAGO ROADSTER",8,13,10
2008,"LOTUS","ELISE/EXIGE",20,26,22
2008,"LOTUS","ELISE/EXIGE",20,26,22
2008,"LOTUS","ELISE/EXIGE",21,27,23
2008,"MAZDA","MX-5",20,27,23
2008,"MAZDA","MX-5",22,27,24
2008,"MAZDA","MX-5",21,28,24
2008,"MERCEDES-BENZ","SL55 AMG",12,17,14
2008,"MERCEDES-BENZ","SL550",14,21,16
2008,"MERCEDES-BENZ","SL600",11,18,14
2008,"MERCEDES-BENZ","SL65 AMG",11,18,14
2008,"MERCEDES-BENZ","SLK280",18,24,20
2008,"MERCEDES-BENZ","SLK280",17,25,20
2008,"MERCEDES-BENZ","SLK350",17,23,19
2008,"MERCEDES-BENZ","SLK350",16,23,19
2008,"MERCEDES-BENZ","SLK55 AMG",14,20,16
2008,"MERCEDES-BENZ","SLR",12,16,13
2008,"MERCEDES-BENZ","SMART FORTWO (CONVERTIBLE)",33,41,36
2008,"MERCEDES-BENZ","SMART FORTWO (COUPE)",33,41,36
2008,"NISSAN","350Z",17,24,20
2008,"NISSAN","350Z",18,25,20
2008,"NISSAN","350Z ROADSTER",17,23,19
2008,"NISSAN","350Z ROADSTER",17,24,20
2008,"PONTIAC","SOLSTICE",19,26,21
2008,"PONTIAC","SOLSTICE",19,28,22
2008,"PONTIAC","SOLSTICE",19,24,21
2008,"PONTIAC","SOLSTICE",19,25,21
2008,"PORSCHE","911 GT2",16,23,19
2008,"PORSCHE","BOXSTER",19,26,21
2008,"PORSCHE","BOXSTER",20,29,23
2008,"PORSCHE","BOXSTER",19,28,22
2008,"PORSCHE","BOXSTER S",18,25,21
2008,"PORSCHE","BOXSTER S",18,26,21
2008,"PORSCHE","CAYMAN",19,26,21
2008,"PORSCHE","CAYMAN",20,29,23
2008,"PORSCHE","CAYMAN",19,28,22
2008,"PORSCHE","CAYMAN S",18,25,21
2008,"PORSCHE","CAYMAN S",18,26,21
2008,"PORSCHE","GT3       911 GT3",15,22,18
2008,"PORSCHE","GT3 RS    911 GT3 RS",15,22,18
2008,"SATURN","SKY",19,26,21
2008,"SATURN","SKY",19,28,22
2008,"SATURN","SKY",19,24,21
2008,"SATURN","SKY",19,25,21
2008,"SHLBY","SHELBY MUSTANG GT",15,22,17
2008,"ASTON MARTIN","DB9 COUPE",11,18,13
2008,"ASTON MARTIN","DB9 COUPE",10,16,12
2008,"ASTON MARTIN","DB9 VOLANTE",11,17,13
2008,"ASTON MARTIN","DB9 VOLANTE",10,16,12
2008,"AUDI","TT COUPE",23,31,26
2008,"JAGUAR","JAGUAR XK",16,25,19
2008,"JAGUAR","JAGUAR XK CONVERTIBLE",16,25,19
2008,"JAGUAR","JAGUAR XKR",15,23,18
2008,"JAGUAR","JAGUAR XKR CONVERTIBLE",15,23,18
2008,"LEXUS","SC 430",16,23,19
2008,"MINI","MINI COOPER",26,34,29
2008,"MINI","MINI COOPER",28,37,32
2008,"MINI","MINI COOPER CONVERTIBLE",22,30,25
2008,"MINI","MINI COOPER CONVERTIBLE",23,32,26
2008,"MINI","MINI COOPER S",23,32,27
2008,"MINI","MINI COOPER S",26,34,29
2008,"MINI","MINI COOPER S CONVERTIBLE",19,29,23
2008,"MINI","MINI COOPER S CONVERTIBLE",21,29,24
2008,"MITSUBISHI","ECLIPSE SPYDER",19,26,22
2008,"MITSUBISHI","ECLIPSE SPYDER",19,26,22
2008,"MITSUBISHI","ECLIPSE SPYDER",16,24,19
2008,"MITSUBISHI","ECLIPSE SPYDER",16,25,19
2008,"PORSCHE","911 TURBO",15,23,18
2008,"PORSCHE","911 TURBO",16,23,18
2008,"PORSCHE","911 TURBO CABRIOLET",15,23,18
2008,"PORSCHE","911 TURBO CABRIOLET",15,24,18
2008,"PORSCHE","CARRERA 2 CABRIOLET",18,24,20
2008,"PORSCHE","CARRERA 2 CABRIOLET",18,26,21
2008,"PORSCHE","CARRERA 2 COUPE",18,24,20
2008,"PORSCHE","CARRERA 2 COUPE",18,26,21
2008,"PORSCHE","CARRERA 2 S CABRIOLET",17,24,20
2008,"PORSCHE","CARRERA 2 S CABRIOLET",17,25,20
2008,"PORSCHE","CARRERA 2 S COUPE",17,24,20
2008,"PORSCHE","CARRERA 2 S COUPE",17,25,20
2008,"PORSCHE","CARRERA 4 CABRIOLET",17,24,19
2008,"PORSCHE","CARRERA 4 CABRIOLET",17,25,20
2008,"PORSCHE","CARRERA 4 COUPE",17,24,19
2008,"PORSCHE","CARRERA 4 COUPE",17,25,20
2008,"PORSCHE","CARRERA 4 S CABRIOLET",17,23,19
2008,"PORSCHE","CARRERA 4 S CABRIOLET",16,24,19
2008,"PORSCHE","CARRERA 4 S COUPE",17,23,19
2008,"PORSCHE","CARRERA 4 S COUPE",16,24,19
2008,"PORSCHE","CARRERA 4 S TARGA",17,23,19
2008,"PORSCHE","CARRERA 4 S TARGA",16,24,19
2008,"PORSCHE","CARRERA 4 TARGA",17,24,19
2008,"PORSCHE","CARRERA 4 TARGA",17,25,20
2008,"VOLKSWAGEN","NEW BEETLE CONVERTIBLE",20,28,23
2008,"VOLKSWAGEN","NEW BEETLE CONVERTIBLE",20,28,23
2008,"AUDI","A4 CABRIOLET",21,30,24
2008,"AUDI","A4 CABRIOLET QUATTRO",19,27,22
2008,"AUDI","A4 CABRIOLET QUATTRO",17,25,20
2008,"AUDI","A5 QUATTRO",18,27,21
2008,"AUDI","A5 QUATTRO",16,27,20
2008,"AUDI","RS4 CABRIOLET",12,19,14
2008,"AUDI","S4 CABRIOLET",14,21,16
2008,"AUDI","S4 CABRIOLET",13,19,15
2008,"AUDI","S5",16,22,19
2008,"AUDI","S5",14,21,16
2008,"AUDI","TT COUPE QUATTRO",18,24,20
2008,"AUDI","TT COUPE QUATTRO",17,24,19
2008,"BENTLEY","CONTINENTAL GTC",10,17,12
2008,"BMW","128I",19,28,22
2008,"BMW","128I",18,28,21
2008,"BMW","128I CONVERTIBLE",18,27,21
2008,"BMW","128I CONVERTIBLE",18,28,21
2008,"BMW","135I",18,26,21
2008,"BMW","135I",17,25,20
2008,"BMW","135I CONVERTIBLE",17,26,20
2008,"BMW","135I CONVERTIBLE",17,26,20
2008,"BMW","328CI",19,28,22
2008,"BMW","328CI",18,28,21
2008,"BMW","328CI CONVERTIBLE",18,27,21
2008,"BMW","328CI CONVERTIBLE",17,27,20
2008,"BMW","328CXI",17,25,20
2008,"BMW","328CXI",17,25,20
2008,"BMW","335CI",17,26,20
2008,"BMW","335CI",17,26,20
2008,"BMW","335CI CONVERTIBLE",17,26,20
2008,"BMW","335CI CONVERTIBLE",17,26,20
2008,"BMW","335CXI",17,25,20
2008,"BMW","335CXI",16,25,19
2008,"BMW","650CI",15,23,18
2008,"BMW","650CI",15,22,18
2008,"BMW","650CI CONVERTIBLE",15,23,18
2008,"BMW","650CI CONVERTIBLE",14,21,16
2008,"BMW","M3 CONVERTIBLE",14,20,16
2008,"BMW","M3 CONVERTIBLE",13,19,16
2008,"BMW","M3 COUPE",14,20,16
2008,"BMW","M3 COUPE",14,20,16
2008,"BMW","M6",11,17,13
2008,"BMW","M6",11,17,13
2008,"BMW","M6 CONVERTIBLE",11,17,13
2008,"BMW","M6 CONVERTIBLE",11,17,13
2008,"CHEVROLET","AVEO 5",23,32,26
2008,"CHEVROLET","AVEO 5",24,34,27
2008,"CHEVROLET","COBALT",22,30,25
2008,"CHEVROLET","COBALT",22,31,26
2008,"CHEVROLET","COBALT",24,33,27
2008,"CHEVROLET","COBALT",22,31,25
2008,"CHEVROLET","COBALT",22,32,26
2008,"CHEVROLET","COBALT XFE",25,36,29
2008,"CHRYSLER","SEBRING CONVERTIBLE",20,29,23
2008,"CHRYSLER","SEBRING CONVERTIBLE",18,26,21
2008,"CHRYSLER","SEBRING CONVERTIBLE",13,19,15
2008,"CHRYSLER","SEBRING CONVERTIBLE",18,26,21
2008,"CHRYSLER","SEBRING CONVERTIBLE",16,26,19
2008,"FORD","MUSTANG",16,24,19
2008,"FORD","MUSTANG",17,26,20
2008,"FORD","MUSTANG",15,22,18
2008,"FORD","MUSTANG",15,23,18
2008,"FORD","MUSTANG",14,20,16
2008,"HONDA","CIVIC",25,36,29
2008,"HONDA","CIVIC",24,36,28
2008,"HONDA","CIVIC",26,34,29
2008,"HONDA","CIVIC",21,29,24
2008,"HYUNDAI","TIBURON",20,27,22
2008,"HYUNDAI","TIBURON",20,28,23
2008,"HYUNDAI","TIBURON",17,24,20
2008,"HYUNDAI","TIBURON",17,24,20
2008,"HYUNDAI","TIBURON",16,24,19
2008,"INFINITI","G37 COUPE",18,24,20
2008,"INFINITI","G37 COUPE",17,26,20
2008,"LEXUS","IS 250",21,29,24
2008,"LEXUS","IS 250",18,26,21
2008,"LEXUS","IS 250 AWD",20,26,22
2008,"LEXUS","IS 350",18,25,20
2008,"LEXUS","IS F",16,23,18
2008,"MASERATI","MASERATI GRANTURISMO",13,19,15
2008,"MAZDA","MAZDA RX-8",16,23,19
2008,"MAZDA","MAZDA RX-8",16,22,18
2008,"MERCEDES-BENZ","CLK350",17,25,20
2008,"MERCEDES-BENZ","CLK350 (CABRIOLET)",17,25,20
2008,"MERCEDES-BENZ","CLK550",15,22,17
2008,"MERCEDES-BENZ","CLK550 (CABRIOLET)",15,21,17
2008,"MERCEDES-BENZ","CLK63 AMG",12,19,14
2008,"MERCEDES-BENZ","CLK63 AMG (CABRIOLET)",12,18,14
2008,"MINI","MINI CLUBMAN",26,34,29
2008,"MINI","MINI CLUBMAN",28,37,32
2008,"MINI","MINI CLUBMAN S",23,32,27
2008,"MINI","MINI CLUBMAN S",26,34,29
2008,"MITSUBISHI","ECLIPSE",20,26,22
2008,"MITSUBISHI","ECLIPSE",20,28,23
2008,"MITSUBISHI","ECLIPSE",17,25,20
2008,"MITSUBISHI","ECLIPSE",16,25,19
2008,"NISSAN","ALTIMA COUPE",23,31,26
2008,"NISSAN","ALTIMA COUPE",23,32,26
2008,"NISSAN","ALTIMA COUPE",19,26,22
2008,"NISSAN","ALTIMA COUPE",19,27,22
2008,"PONTIAC","G5 XFE",25,35,29
2008,"PONTIAC","G5/PURSUIT",22,31,26
2008,"PONTIAC","G5/PURSUIT",24,33,27
2008,"PONTIAC","G5/PURSUIT",22,31,25
2008,"PONTIAC","G5/PURSUIT",22,32,26
2008,"ROUSH PERFORMANCE","ROUSH STAGE3 MUSTANG",14,20,16
2008,"ROUSH PERFORMANCE","ROUSH STAGE3 MUSTANG",15,20,17
2008,"SAAB","9-3 CONVERTIBLE",18,24,20
2008,"SAAB","9-3 CONVERTIBLE",18,27,22
2008,"SAAB","9-3 CONVERTIBLE",15,24,18
2008,"SAAB","9-3 CONVERTIBLE",16,26,19
2008,"SALEEN PERFORMANCE","SALEEN S281 FAMILY",12,18,14
2008,"SALEEN PERFORMANCE","SALEEN S281 FAMILY",12,18,14
2008,"TOYOTA","SCION TC",21,29,24
2008,"TOYOTA","SCION TC",20,27,23
2008,"TOYOTA","SCION XD",26,32,28
2008,"TOYOTA","SCION XD",27,33,29
2008,"TOYOTA","YARIS",29,35,31
2008,"TOYOTA","YARIS",29,36,32
2008,"VOLKSWAGEN","EOS",21,30,24
2008,"VOLKSWAGEN","EOS",20,29,24
2008,"VOLKSWAGEN","EOS",19,26,22
2008,"VOLKSWAGEN","NEW BEETLE",20,29,23
2008,"VOLKSWAGEN","NEW BEETLE",20,28,23
2008,"VOLVO","C70 CONVERTIBLE",18,26,21
2008,"VOLVO","C70 CONVERTIBLE",18,27,21
2008,"ACURA","TSX",20,28,23
2008,"ACURA","TSX",19,28,22
2008,"AUDI","A4",21,30,24
2008,"AUDI","A4",20,31,24
2008,"AUDI","A4",18,27,21
2008,"AUDI","A4 QUATTRO",19,27,22
2008,"AUDI","A4 QUATTRO",20,28,23
2008,"AUDI","A4 QUATTRO",17,25,20
2008,"AUDI","A4 QUATTRO",15,25,19
2008,"AUDI","RS4",13,20,15
2008,"AUDI","S4",14,21,16
2008,"AUDI","S4",13,20,15
2008,"BENTLEY","AZURE",9,15,11
2008,"BENTLEY","CONTINENTAL GT",10,17,13
2008,"BMW","328I",19,28,22
2008,"BMW","328I",18,28,21
2008,"BMW","328XI",17,25,20
2008,"BMW","328XI",17,25,20
2008,"BMW","335I",17,26,20
2008,"BMW","335I",17,26,20
2008,"BMW","335XI",17,25,20
2008,"BMW","335XI",16,25,19
2008,"BMW","M3",14,20,16
2008,"BMW","M3",14,20,16
2008,"CHEVROLET","AVEO",23,32,26
2008,"CHEVROLET","AVEO",24,34,27
2008,"CHRYSLER","PT CRUISER CONVERTIBLE",18,24,21
2008,"CHRYSLER","PT CRUISER CONVERTIBLE",19,24,21
2008,"CHRYSLER","PT CRUISER CONVERTIBLE",20,25,22
2008,"CHRYSLER","PT CRUISER CONVERTIBLE",21,26,23
2008,"FORD","FOCUS  FWD",24,33,28
2008,"FORD","FOCUS  FWD",24,35,28
2008,"HONDA","ACCORD 2DR COUPE",21,30,24
2008,"HONDA","ACCORD 2DR COUPE",22,31,25
2008,"HONDA","ACCORD 2DR COUPE",19,28,22
2008,"HONDA","ACCORD 2DR COUPE",17,25,20
2008,"HONDA","CIVIC HYBRID",40,45,42
2008,"HYUNDAI","ACCENT",24,33,28
2008,"HYUNDAI","ACCENT",27,32,29
2008,"JAGUAR","JAGUAR X-TYPE",16,22,18
2008,"KIA","RIO",25,35,29
2008,"KIA","RIO",27,32,29
2008,"LEXUS","GS 450H",22,25,23
2008,"MAZDA","MAZDA3",23,31,26
2008,"MAZDA","MAZDA3",24,32,27
2008,"MAZDA","MAZDA3",22,29,24
2008,"MAZDA","MAZDA3",22,29,25
2008,"MERCEDES-BENZ","C300",13,19,15
2008,"MERCEDES-BENZ","C300",18,25,21
2008,"MERCEDES-BENZ","C300",18,26,21
2008,"MERCEDES-BENZ","C300 4MATIC",17,25,20
2008,"MERCEDES-BENZ","C350",17,25,20
2008,"MERCEDES-BENZ","C63 AMG",12,19,15
2008,"MERCEDES-BENZ","CL550",14,21,17
2008,"MERCEDES-BENZ","CL600",11,17,13
2008,"MERCEDES-BENZ","CL63 AMG",11,18,14
2008,"MERCEDES-BENZ","CL65 AMG",11,17,13
2008,"MERCEDES-BENZ","CLS550",14,21,16
2008,"MERCEDES-BENZ","CLS63 AMG",12,18,14
2008,"MITSUBISHI","LANCER",22,29,24
2008,"MITSUBISHI","LANCER",21,29,24
2008,"MITSUBISHI","LANCER EVOLUTION",17,22,19
2008,"MITSUBISHI","LANCER EVOLUTION",16,22,18
2008,"PONTIAC","G6",22,30,25
2008,"PONTIAC","G6",18,29,22
2008,"PONTIAC","G6",17,26,20
2008,"PONTIAC","G6",17,26,20
2008,"PONTIAC","G6",15,22,18
2008,"ROLLS-ROYCE","PHANTOM DROPHEAD COUPE",11,18,14
2008,"SAAB","9-3 AERO SEDAN AWD",15,24,18
2008,"SAAB","9-3 AERO SEDAN AWD",16,24,19
2008,"SAAB","9-3 SPORT SEDAN",19,26,21
2008,"SAAB","9-3 SPORT SEDAN",19,29,23
2008,"SAAB","9-3 SPORT SEDAN",15,24,18
2008,"SAAB","9-3 SPORT SEDAN",16,26,19
2008,"SATURN","ASTRA 2D HATCHBACK",24,30,27
2008,"SATURN","ASTRA 2D HATCHBACK",24,32,27
2008,"SATURN","ASTRA 4DR HATCHBACK",24,30,27
2008,"SATURN","ASTRA 4DR HATCHBACK",24,32,27
2008,"SUBARU","IMPREZA AWD",20,25,22
2008,"SUBARU","IMPREZA AWD",20,27,22
2008,"SUBARU","IMPREZA AWD",19,25,21
2008,"SUBARU","IMPREZA AWD",20,27,22
2008,"SUBARU","LEGACY AWD",20,27,22
2008,"SUBARU","LEGACY AWD",18,24,20
2008,"SUBARU","LEGACY AWD",19,25,21
2008,"SUBARU","LEGACY AWD",20,27,22
2008,"SUBARU","LEGACY AWD",17,24,20
2008,"SUBARU","LEGACY AWD",17,24,20
2008,"SUZUKI","FORENZA",19,28,22
2008,"SUZUKI","FORENZA",20,28,23
2008,"SUZUKI","RENO",19,28,22
2008,"SUZUKI","RENO",20,28,23
2008,"SUZUKI","SX4 SEDAN",23,31,26
2008,"SUZUKI","SX4 SEDAN",22,30,25
2008,"TOYOTA","CAMRY SOLARA",22,31,25
2008,"TOYOTA","CAMRY SOLARA",21,31,25
2008,"TOYOTA","CAMRY SOLARA",18,27,21
2008,"TOYOTA","CAMRY SOLARA CONVERTIBLE",18,26,21
2008,"TOYOTA","COROLLA",26,35,29
2008,"TOYOTA","COROLLA",28,37,31
2008,"VOLKSWAGEN","GTI",22,29,25
2008,"VOLKSWAGEN","GTI",20,29,24
2008,"VOLKSWAGEN","JETTA",22,29,25
2008,"VOLKSWAGEN","JETTA",20,29,24
2008,"VOLKSWAGEN","JETTA",21,29,24
2008,"VOLKSWAGEN","JETTA",21,29,24
2008,"VOLKSWAGEN","R32",18,23,20
2008,"VOLKSWAGEN","RABBIT",21,29,24
2008,"VOLKSWAGEN","RABBIT",22,29,24
2008,"VOLVO","C30 FWD",20,28,23
2008,"VOLVO","C30 FWD",20,28,23
2008,"VOLVO","C30 FWD",19,27,22
2008,"VOLVO","C30 FWD",19,28,23
2008,"VOLVO","S40 AWD",18,26,21
2008,"VOLVO","S40 AWD",17,25,20
2008,"VOLVO","S40 FWD",20,28,23
2008,"VOLVO","S40 FWD",20,28,23
2008,"VOLVO","S40 FWD",19,27,22
2008,"VOLVO","S40 FWD",19,28,23
2008,"VOLVO","S60 AWD",17,26,21
2008,"VOLVO","S60 AWD",18,26,21
2008,"VOLVO","S60 FWD",18,26,21
2008,"VOLVO","S60 FWD",18,26,21
2008,"VOLVO","S60 FWD",19,27,22
2008,"VOLVO","S60 FWD",19,27,22
2008,"ACURA","RL",16,24,19
2008,"ACURA","TL",18,26,21
2008,"ACURA","TL",17,26,20
2008,"ACURA","TL",18,27,21
2008,"AUDI","A6",18,27,21
2008,"AUDI","A6 QUATTRO",17,25,20
2008,"AUDI","A6 QUATTRO",16,23,18
2008,"AUDI","A8",16,23,18
2008,"AUDI","S6",14,19,16
2008,"AUDI","S8",13,19,15
2008,"BENTLEY","ARNAGE",10,15,11
2008,"BENTLEY","CONTINENTAL FLYING SPUR",10,17,12
2008,"BMW","528I",18,27,21
2008,"BMW","528I",18,28,21
2008,"BMW","528XI",17,25,20
2008,"BMW","528XI",17,25,20
2008,"BMW","535I",17,26,20
2008,"BMW","535I",17,26,20
2008,"BMW","535XI",17,25,20
2008,"BMW","535XI",16,25,19
2008,"BMW","550I",15,23,18
2008,"BMW","550I",15,22,18
2008,"BMW","M5",11,17,13
2008,"BMW","M5",11,17,13
2008,"BUICK","LACROSSE/ALLURE",17,25,20
2008,"BUICK","LACROSSE/ALLURE",17,28,21
2008,"BUICK","LACROSSE/ALLURE",16,24,19
2008,"CADILLAC","CTS",18,26,21
2008,"CADILLAC","CTS",17,26,20
2008,"CADILLAC","CTS",16,25,19
2008,"CADILLAC","CTS",16,25,19
2008,"CADILLAC","CTS AWD",17,25,20
2008,"CADILLAC","CTS AWD",17,26,20
2008,"CADILLAC","STS",17,26,20
2008,"CADILLAC","STS",13,19,15
2008,"CADILLAC","STS",15,24,18
2008,"CADILLAC","STS AWD",17,26,20
2008,"CADILLAC","STS AWD",14,21,16
2008,"CHEVROLET","CLASSIC",21,31,25
2008,"CHEVROLET","CLASSIC",18,28,22
2008,"CHEVROLET","MALIBU",22,30,25
2008,"CHEVROLET","MALIBU",22,32,25
2008,"CHEVROLET","MALIBU",18,29,22
2008,"CHEVROLET","MALIBU",17,26,20
2008,"CHEVROLET","MALIBU HYBRID",24,32,27
2008,"CHRYSLER","SEBRING",21,30,24
2008,"CHRYSLER","SEBRING",19,27,22
2008,"CHRYSLER","SEBRING",13,20,16
2008,"CHRYSLER","SEBRING",19,27,22
2008,"CHRYSLER","SEBRING",16,26,19
2008,"CHRYSLER","SEBRING AWD",15,24,18
2008,"DODGE","AVENGER",21,30,24
2008,"DODGE","AVENGER",19,27,22
2008,"DODGE","AVENGER",13,20,16
2008,"DODGE","AVENGER",19,27,22
2008,"DODGE","AVENGER",16,26,19
2008,"DODGE","AVENGER AWD",15,24,18
2008,"DODGE","CALIBER",24,29,26
2008,"DODGE","CALIBER",23,27,24
2008,"DODGE","CALIBER",21,25,23
2008,"DODGE","CALIBER",23,29,25
2008,"DODGE","CALIBER AWD",21,24,22
2008,"DODGE","CHALLENGER",13,18,15
2008,"FERRARI","FERRARI 612 SCAGLIETTI",9,16,11
2008,"FERRARI","FERRARI 612 SCAGLIETTI",10,15,12
2008,"FORD","FUSION AWD",17,25,20
2008,"FORD","FUSION FWD",20,28,23
2008,"FORD","FUSION FWD",20,29,23
2008,"FORD","FUSION FWD",18,26,21
2008,"HYUNDAI","ELANTRA",25,33,28
2008,"HYUNDAI","ELANTRA",24,33,27
2008,"INFINITI","G35",17,24,20
2008,"INFINITI","G35",17,25,20
2008,"INFINITI","G35X",17,23,19
2008,"JAGUAR","JAGUAR S-TYPE 3.0 LITRE",17,26,20
2008,"JAGUAR","JAGUAR S-TYPE 4.2 LITRE",16,24,19
2008,"JAGUAR","JAGUAR S-TYPE R",15,22,17
2008,"JAGUAR","JAGUAR X-TYPE SPORT BRAKE",16,22,18
2008,"KIA","OPTIMA",21,31,25
2008,"KIA","OPTIMA",21,31,25
2008,"KIA","OPTIMA",20,28,23
2008,"KIA","SPECTRA",24,32,27
2008,"KIA","SPECTRA",23,30,26
2008,"LEXUS","ES 350",19,27,22
2008,"LEXUS","GS 350",19,27,22
2008,"LEXUS","GS 350 AWD",18,25,20
2008,"LEXUS","GS 460",17,24,20
2008,"LEXUS","LS 460",16,24,19
2008,"LEXUS","LS 460 L",16,24,19
2008,"LEXUS","LS 600HL",20,22,21
2008,"LINCOLN-MERCURY","MILAN AWD",17,25,20
2008,"LINCOLN-MERCURY","MILAN FWD",20,28,23
2008,"LINCOLN-MERCURY","MILAN FWD",20,29,23
2008,"LINCOLN-MERCURY","MILAN FWD",18,26,21
2008,"LINCOLN-MERCURY","MKZ AWD",17,24,19
2008,"LINCOLN-MERCURY","MKZ FWD",18,28,22
2008,"MAZDA","MAZDA 6",21,28,24
2008,"MAZDA","MAZDA 6",21,29,24
2008,"MAZDA","MAZDA 6",18,25,20
2008,"MAZDA","MAZDA 6",17,25,20
2008,"MAZDA","MAZDASPEED3",18,26,20
2008,"MERCEDES-BENZ","E320 BLUETEC",23,32,26
2008,"MERCEDES-BENZ","E350",17,24,19
2008,"MERCEDES-BENZ","E350 4MATIC",16,22,18
2008,"MERCEDES-BENZ","E550",15,22,17
2008,"MERCEDES-BENZ","E550 4MATIC",13,19,16
2008,"MERCEDES-BENZ","E63 AMG",12,19,15
2008,"MITSUBISHI","GALANT",20,27,23
2008,"MITSUBISHI","GALANT",17,25,20
2008,"NISSAN","ALTIMA",23,31,26
2008,"NISSAN","ALTIMA",23,32,26
2008,"NISSAN","ALTIMA",19,26,22
2008,"NISSAN","ALTIMA",19,27,22
2008,"NISSAN","ALTIMA HYBRID",35,33,34
2008,"NISSAN","MAXIMA",19,25,21
2008,"NISSAN","SENTRA",25,33,28
2008,"NISSAN","SENTRA",24,31,27
2008,"NISSAN","SENTRA",24,30,26
2008,"NISSAN","SENTRA",21,29,24
2008,"NISSAN","VERSA",27,33,29
2008,"NISSAN","VERSA",24,32,27
2008,"NISSAN","VERSA",26,31,28
2008,"PONTIAC","GRAND PRIX",18,28,21
2008,"PONTIAC","GRAND PRIX",16,25,19
2008,"ROLLS-ROYCE","PHANTOM",11,18,14
2008,"ROLLS-ROYCE","PHANTOM EWB",11,18,14
2008,"SAAB","9-5 SEDAN",17,26,20
2008,"SAAB","9-5 SEDAN",18,28,21
2008,"SATURN","AURA",22,30,25
2008,"SATURN","AURA",18,29,22
2008,"SATURN","AURA",17,26,20
2008,"SATURN","AURA HYBRID",24,32,27
2008,"TOYOTA","CAMRY",21,31,25
2008,"TOYOTA","CAMRY",21,31,25
2008,"TOYOTA","CAMRY",19,28,22
2008,"TOYOTA","CAMRY HYBRID",33,34,34
2008,"TOYOTA","PRIUS",48,45,46
2008,"VOLKSWAGEN","PASSAT",19,28,22
2008,"VOLKSWAGEN","PASSAT",20,29,24
2008,"VOLKSWAGEN","PASSAT",17,26,20
2008,"VOLKSWAGEN","PASSAT 4MOTION",16,24,19
2008,"VOLVO","S80 AWD",15,23,18
2008,"VOLVO","S80 AWD",16,24,19
2008,"VOLVO","S80 AWD",15,23,18
2008,"VOLVO","S80 FWD",16,24,19
2008,"ALPINA","BMW ALPINA B7",14,21,16
2008,"AUDI","A8 L",16,23,18
2008,"AUDI","A8 L",13,19,15
2008,"BENTLEY","ARNAGE RL",9,15,11
2008,"BMW","750I",15,23,18
2008,"BMW","750LI",15,23,18
2008,"BMW","760LI",13,20,15
2008,"BUICK","LUCERNE",16,25,19
2008,"BUICK","LUCERNE",15,23,18
2008,"BUICK","LUCERNE",15,22,18
2008,"CADILLAC","DTS",15,23,18
2008,"CADILLAC","DTS",15,22,18
2008,"CADILLAC","FUNERAL COACH/HEARSE",13,18,15
2008,"CADILLAC","LIMOUSINE",13,18,15
2008,"CHEVROLET","IMPALA",18,29,22
2008,"CHEVROLET","IMPALA",14,21,16
2008,"CHEVROLET","IMPALA",18,29,22
2008,"CHEVROLET","IMPALA",13,20,16
2008,"CHEVROLET","IMPALA",18,28,21
2008,"CHEVROLET","IMPALA",16,24,19
2008,"CHRYSLER","300 AWD",15,22,18
2008,"CHRYSLER","300 AWD",15,22,18
2008,"CHRYSLER","300/SRT-8",18,26,21
2008,"CHRYSLER","300/SRT-8",17,24,20
2008,"CHRYSLER","300/SRT-8",17,24,20
2008,"CHRYSLER","300/SRT-8",15,23,18
2008,"CHRYSLER","300/SRT-8",13,18,15
2008,"DODGE","CHARGER",18,26,21
2008,"DODGE","CHARGER",17,24,20
2008,"DODGE","CHARGER",17,24,20
2008,"DODGE","CHARGER",15,23,18
2008,"DODGE","CHARGER",13,18,15
2008,"DODGE","CHARGER AWD",15,22,18
2008,"DODGE","CHARGER AWD",15,22,18
2008,"FORD","CROWN VICTORIA FFV",11,16,13
2008,"FORD","CROWN VICTORIA FFV",15,23,18
2008,"FORD","TAURUS AWD",17,24,19
2008,"FORD","TAURUS FWD",18,28,22
2008,"HONDA","ACCORD 4DR SEDAN",21,31,24
2008,"HONDA","ACCORD 4DR SEDAN",22,31,25
2008,"HONDA","ACCORD 4DR SEDAN",19,29,22
2008,"HYUNDAI","AZERA",18,26,21
2008,"HYUNDAI","AZERA",17,26,20
2008,"HYUNDAI","SONATA",21,30,24
2008,"HYUNDAI","SONATA",21,31,25
2008,"HYUNDAI","SONATA",19,28,22
2008,"INFINITI","M35",16,23,19
2008,"INFINITI","M35X",16,22,18
2008,"INFINITI","M45",16,21,18
2008,"INFINITI","M45X",14,20,16
2008,"JAGUAR","JAGUAR SUPER V8",15,22,18
2008,"JAGUAR","JAGUAR VDP LWB",16,25,19
2008,"JAGUAR","JAGUAR XJ8",16,25,19
2008,"JAGUAR","JAGUAR XJ8L",16,25,19
2008,"JAGUAR","JAGUAR XJR",15,22,18
2008,"KIA","AMANTI",17,24,19
2008,"LINCOLN-MERCURY","GRAND MARQUIS FFV",11,16,13
2008,"LINCOLN-MERCURY","GRAND MARQUIS FFV",15,23,18
2008,"LINCOLN-MERCURY","SABLE AWD",17,24,19
2008,"LINCOLN-MERCURY","SABLE FWD",18,28,22
2008,"LINCOLN-MERCURY","TOWN CAR",15,22,18
2008,"LINCOLN-MERCURY","TOWN CAR FFV",11,16,13
2008,"LINCOLN-MERCURY","TOWN CAR FFV",15,23,18
2008,"MASERATI","MASERATI QUATTROPORTE",12,18,14
2008,"MERCEDES-BENZ","MAYBACH 57",10,16,12
2008,"MERCEDES-BENZ","MAYBACH 57S",10,16,12
2008,"MERCEDES-BENZ","MAYBACH 62",10,16,12
2008,"MERCEDES-BENZ","MAYBACH 62S",10,16,12
2008,"MERCEDES-BENZ","S550",14,21,16
2008,"MERCEDES-BENZ","S550 4MATIC",14,20,16
2008,"MERCEDES-BENZ","S600",11,17,13
2008,"MERCEDES-BENZ","S63 AMG",11,17,13
2008,"MERCEDES-BENZ","S65 AMG",11,17,13
2008,"PONTIAC","G8",17,25,20
2008,"PONTIAC","G8",15,24,18
2008,"TOYOTA","AVALON",19,28,22
2008,"AUDI","A3",22,29,25
2008,"AUDI","A3",20,29,24
2008,"AUDI","A3 QUATTRO",18,25,21
2008,"AUDI","A4 AVANT QUATTRO",19,27,22
2008,"AUDI","A4 AVANT QUATTRO",20,28,23
2008,"AUDI","A4 AVANT QUATTRO",17,25,20
2008,"AUDI","A4 AVANT QUATTRO",15,25,19
2008,"AUDI","S4 AVANT",14,21,16
2008,"AUDI","S4 AVANT",13,20,15
2008,"BMW","328I SPORT WAGON",18,27,21
2008,"BMW","328I SPORT WAGON",17,27,20
2008,"BMW","328XI SPORT WAGON",17,25,20
2008,"BMW","328XI SPORT WAGON",17,25,20
2008,"HONDA","FIT",27,34,30
2008,"HONDA","FIT",27,33,29
2008,"HONDA","FIT",28,34,31
2008,"INFINITI","EX35",17,24,19
2008,"INFINITI","EX35",16,23,19
2008,"PONTIAC","VIBE",25,31,27
2008,"PONTIAC","VIBE",26,33,29
2008,"SAAB","9-3 AERO SPORTCOMBI AWD",15,24,18
2008,"SAAB","9-3 AERO SPORTCOMBI AWD",16,24,19
2008,"SAAB","9-3 SPORTCOMBI",18,24,20
2008,"SAAB","9-3 SPORTCOMBI",19,29,23
2008,"SAAB","9-3 SPORTCOMBI",15,24,18
2008,"SAAB","9-3 SPORTCOMBI",16,26,19
2008,"SUBARU","IMPREZA WGN/OUTBACK SPT AWD",20,25,22
2008,"SUBARU","IMPREZA WGN/OUTBACK SPT AWD",20,27,22
2008,"SUBARU","IMPREZA WGN/OUTBACK SPT AWD",19,25,21
2008,"SUBARU","IMPREZA WGN/OUTBACK SPT AWD",20,27,22
2008,"SUBARU","IMPREZA WGN/OUTBACK SPT AWD",17,23,19
2008,"SUZUKI","FORENZA WAGON",19,27,22
2008,"SUZUKI","FORENZA WAGON",19,27,22
2008,"SUZUKI","SX4",22,30,25
2008,"SUZUKI","SX4",22,30,25
2008,"SUZUKI","SX4 AWD",21,28,24
2008,"SUZUKI","SX4 AWD",21,28,23
2008,"TOYOTA","COROLLA MATRIX",25,31,27
2008,"TOYOTA","COROLLA MATRIX",26,33,29
2008,"TOYOTA","SCION XB",22,28,24
2008,"TOYOTA","SCION XB",22,28,24
2008,"VOLKSWAGEN","JETTA SPORTWAGEN",21,29,24
2008,"VOLKSWAGEN","JETTA SPORTWAGEN",21,29,24
2008,"VOLVO","V50 AWD",18,26,21
2008,"VOLVO","V50 AWD",17,25,20
2008,"VOLVO","V50 FWD",20,28,23
2008,"VOLVO","V50 FWD",20,28,23
2008,"VOLVO","V50 FWD",19,27,22
2008,"VOLVO","V50 FWD",19,28,23
2008,"AUDI","A6 AVANT QUATTRO",17,25,20
2008,"BMW","535XI SPORT WAGON",16,24,19
2008,"BMW","535XI SPORT WAGON",16,23,18
2008,"KIA","RONDO",19,26,22
2008,"KIA","RONDO",18,26,21
2008,"MERCEDES-BENZ","E350 4MATIC (WAGON)",16,21,18
2008,"MERCEDES-BENZ","E63 AMG (WAGON)",12,18,14
2008,"SAAB","9-5 SPORTCOMBI",17,26,20
2008,"SAAB","9-5 SPORTCOMBI",18,28,21
2008,"VOLKSWAGEN","PASSAT WAGON",20,28,23
2008,"VOLKSWAGEN","PASSAT WAGON",20,29,24
2008,"VOLKSWAGEN","PASSAT WAGON 4MOTION",16,24,19
2008,"VOLVO","V70 FWD",16,24,19
2008,"CHEVROLET","COLORADO 2WD",18,24,20
2008,"CHEVROLET","COLORADO 2WD",18,24,20
2008,"CHEVROLET","COLORADO 2WD",16,22,18
2008,"CHEVROLET","COLORADO CAB CHASSIS INC 2WD",14,18,15
2008,"CHEVROLET","COLORADO CREW CAB 2WD",18,24,20
2008,"CHEVROLET","COLORADO CREW CAB 2WD",18,24,20
2008,"CHEVROLET","COLORADO CREW CAB 2WD",16,22,18
2008,"FORD","RANGER 2WD",19,24,21
2008,"FORD","RANGER 2WD",21,26,23
2008,"FORD","RANGER 2WD",15,20,17
2008,"FORD","RANGER 2WD",16,22,18
2008,"FORD","RANGER 2WD",15,20,17
2008,"FORD","RANGER 2WD",15,20,17
2008,"GMC","CANYON 2WD",18,24,20
2008,"GMC","CANYON 2WD",18,24,20
2008,"GMC","CANYON 2WD",16,22,18
2008,"GMC","CANYON CAB CHASSIS INC 2WD",14,18,15
2008,"GMC","CANYON CREW CAB 2WD",18,24,20
2008,"GMC","CANYON CREW CAB 2WD",18,24,20
2008,"GMC","CANYON CREW CAB 2WD",16,22,18
2008,"ISUZU","I-290 2WD EXT CAB",18,24,20
2008,"ISUZU","I-290 2WD EXT CAB",18,24,20
2008,"ISUZU","I-370 2WD CREW CAB",16,22,18
2008,"ISUZU","I-370 2WD EXT CAB",16,22,18
2008,"MAZDA","B2300 2WD",19,24,21
2008,"MAZDA","B2300 2WD",21,26,23
2008,"MAZDA","B3000 2WD",15,20,17
2008,"MAZDA","B3000 2WD",16,21,18
2008,"MAZDA","B4000 2WD",15,20,17
2008,"NISSAN","FRONTIER 2WD",17,22,19
2008,"NISSAN","FRONTIER 2WD",19,23,21
2008,"NISSAN","FRONTIER 2WD",15,20,17
2008,"NISSAN","FRONTIER 2WD",16,20,17
2008,"TOYOTA","TOYOTA TACOMA 2WD",19,25,21
2008,"TOYOTA","TOYOTA TACOMA 2WD",20,25,22
2008,"TOYOTA","TOYOTA TACOMA 2WD",16,20,18
2008,"TOYOTA","TOYOTA TACOMA 2WD",15,19,17
2008,"CHEVROLET","COLORADO 4WD",17,22,19
2008,"CHEVROLET","COLORADO 4WD",16,22,18
2008,"CHEVROLET","COLORADO 4WD",15,21,17
2008,"CHEVROLET","COLORADO CAB CHASSIS INC 4WD",15,20,17
2008,"CHEVROLET","COLORADO CREW CAB 4WD",15,20,17
2008,"FORD","RANGER 4WD",14,19,16
2008,"FORD","RANGER 4WD",15,20,17
2008,"FORD","RANGER 4WD",14,17,15
2008,"FORD","RANGER 4WD",15,19,16
2008,"GMC","CANYON 4WD",17,22,19
2008,"GMC","CANYON 4WD",16,22,18
2008,"GMC","CANYON 4WD",15,21,17
2008,"GMC","CANYON CAB CHASSIS INC 4WD",15,20,17
2008,"GMC","CANYON CREW CAB 4WD",15,20,17
2008,"ISUZU","I-370 4WD CREW CAB",15,20,17
2008,"MAZDA","B4000 4WD",14,17,15
2008,"MAZDA","B4000 4WD",15,19,16
2008,"NISSAN","FRONTIER 4WD",14,19,16
2008,"NISSAN","FRONTIER 4WD",15,19,17
2008,"TOYOTA","TOYOTA TACOMA 4WD",17,22,19
2008,"TOYOTA","TOYOTA TACOMA 4WD",16,20,18
2008,"TOYOTA","TOYOTA TACOMA 4WD",15,18,16
2008,"CHEVROLET","C15 SILVERADO 2WD",15,20,17
2008,"CHEVROLET","C15 SILVERADO 2WD",14,19,16
2008,"CHEVROLET","C15 SILVERADO 2WD",15,20,17
2008,"CHEVROLET","C15 SILVERADO 2WD",11,15,13
2008,"CHEVROLET","C15 SILVERADO 2WD",15,20,17
2008,"CHEVROLET","C15 SILVERADO 2WD",13,18,15
2008,"DODGE","DAKOTA PICKUP 2WD",15,20,17
2008,"DODGE","DAKOTA PICKUP 2WD",16,20,18
2008,"DODGE","DAKOTA PICKUP 2WD",14,19,15
2008,"DODGE","DAKOTA PICKUP 2WD",9,12,10
2008,"DODGE","DAKOTA PICKUP 2WD",14,19,15
2008,"DODGE","RAM 1500 PICKUP 2WD",14,19,16
2008,"DODGE","RAM 1500 PICKUP 2WD",16,19,17
2008,"DODGE","RAM 1500 PICKUP 2WD",13,18,15
2008,"DODGE","RAM 1500 PICKUP 2WD",9,12,10
2008,"DODGE","RAM 1500 PICKUP 2WD",13,18,15
2008,"DODGE","RAM 1500 PICKUP 2WD",13,17,14
2008,"DODGE","RAM 1500 PICKUP 2WD",9,12,10
2008,"DODGE","RAM 1500 PICKUP 2WD",13,17,14
2008,"DODGE","RAM 1500 PICKUP 2WD",13,19,15
2008,"FORD","EXPLORER SPORT TRAC 2WD",14,20,16
2008,"FORD","EXPLORER SPORT TRAC 2WD",13,20,16
2008,"FORD","F150 FFV  2WD",10,13,11
2008,"FORD","F150 FFV  2WD",13,18,15
2008,"FORD","F150 PICKUP 2WD",14,19,16
2008,"FORD","F150 PICKUP 2WD",14,20,16
2008,"FORD","F150 PICKUP 2WD",14,19,16
2008,"FORD","F150 PICKUP 2WD",13,17,14
2008,"FORD","F150 STX SE 2WD",14,19,15
2008,"FORD","F150 STX SE 2WD FFV",10,14,12
2008,"FORD","F150 STX SE 2WD FFV",14,19,15
2008,"GMC","C15 SIERRA 2WD",15,20,17
2008,"GMC","C15 SIERRA 2WD",14,19,16
2008,"GMC","C15 SIERRA 2WD",15,20,17
2008,"GMC","C15 SIERRA 2WD",11,15,13
2008,"GMC","C15 SIERRA 2WD",15,20,17
2008,"GMC","C15 SIERRA 2WD",13,18,15
2008,"GMC","C15 SIERRA 2WD",12,19,15
2008,"LINCOLN","MARK LT",12,16,14
2008,"MITSUBISHI","RAIDER PICKUP 2WD",15,20,17
2008,"MITSUBISHI","RAIDER PICKUP 2WD",16,20,18
2008,"MITSUBISHI","RAIDER PICKUP 2WD",14,19,15
2008,"MITSUBISHI","RAIDER PICKUP 2WD",9,12,10
2008,"MITSUBISHI","RAIDER PICKUP 2WD",14,19,15
2008,"NISSAN","TITAN 2WD",12,17,14
2008,"NISSAN","TITAN 2WD",9,13,10
2008,"NISSAN","TITAN 2WD",12,17,14
2008,"ROUSH PERFORMANCE","STAGE3 F150 REGULAR CAB 2WD",11,15,13
2008,"ROUSH PERFORMANCE","STAGE3 F150 SUPERCAB 2WD",11,15,13
2008,"ROUSH PERFORMANCE","STAGE3 F150 SUPERCREW 2WD",11,15,13
2008,"SALEEN PERFORMANCE","SALEEN F150 SUPERCHARGED",11,15,13
2008,"SALEEN PERFORMANCE","SALEEN S331 FAMILY",11,15,13
2008,"TCSTR","FOOSE F150 REGULAR CAB 2WD",11,15,13
2008,"TCSTR","FOOSE F150 SUPERCAB 2WD",11,15,13
2008,"TCSTR","FOOSE F150 SUPERCREW 2WD",11,15,13
2008,"TOYOTA","TOYOTA TUNDRA 2WD",15,19,17
2008,"TOYOTA","TOYOTA TUNDRA 2WD",14,17,15
2008,"TOYOTA","TOYOTA TUNDRA 2WD",14,18,16
2008,"CHEVROLET","K15 SILVERADO 4WD",14,18,15
2008,"CHEVROLET","K15 SILVERADO 4WD",14,18,16
2008,"CHEVROLET","K15 SILVERADO 4WD",14,19,16
2008,"CHEVROLET","K15 SILVERADO 4WD",11,14,12
2008,"CHEVROLET","K15 SILVERADO 4WD",14,19,16
2008,"CHEVROLET","K15 SILVERADO 4WD",13,17,14
2008,"DODGE","DAKOTA PICKUP 4WD",14,18,15
2008,"DODGE","DAKOTA PICKUP 4WD",15,19,16
2008,"DODGE","DAKOTA PICKUP 4WD",14,19,15
2008,"DODGE","DAKOTA PICKUP 4WD",9,12,10
2008,"DODGE","DAKOTA PICKUP 4WD",14,19,15
2008,"DODGE","RAM 1500 PICKUP 4WD",13,17,15
2008,"DODGE","RAM 1500 PICKUP 4WD",9,12,10
2008,"DODGE","RAM 1500 PICKUP 4WD",13,17,15
2008,"DODGE","RAM 1500 PICKUP 4WD",12,16,14
2008,"DODGE","RAM 1500 PICKUP 4WD",9,12,10
2008,"DODGE","RAM 1500 PICKUP 4WD",12,16,14
2008,"DODGE","RAM 1500 PICKUP 4WD",13,17,14
2008,"FORD","EXPLORER SPORT TRAC 4WD",13,19,15
2008,"FORD","EXPLORER SPORT TRAC 4WD",13,19,15
2008,"FORD","F150 FFV  4WD",9,12,10
2008,"FORD","F150 FFV  4WD",13,17,15
2008,"FORD","F150 PICKUP 4WD",13,17,14
2008,"FORD","F150 PICKUP 4WD",13,17,14
2008,"GMC","K15 SIERRA 4WD",14,18,15
2008,"GMC","K15 SIERRA 4WD",14,18,16
2008,"GMC","K15 SIERRA 4WD",14,19,16
2008,"GMC","K15 SIERRA 4WD",11,14,12
2008,"GMC","K15 SIERRA 4WD",14,19,16
2008,"GMC","K15 SIERRA 4WD",13,17,14
2008,"GMC","K15 SIERRA AWD",12,18,14
2008,"HONDA","RIDGELINE 4WD",15,20,17
2008,"LINCOLN","MARK LT 4WD",13,17,14
2008,"MITSUBISHI","RAIDER PICKUP 4WD",14,18,15
2008,"MITSUBISHI","RAIDER PICKUP 4WD",14,19,15
2008,"MITSUBISHI","RAIDER PICKUP 4WD",9,12,10
2008,"MITSUBISHI","RAIDER PICKUP 4WD",14,19,15
2008,"NISSAN","TITAN 4WD",12,17,14
2008,"NISSAN","TITAN 4WD",9,12,10
2008,"NISSAN","TITAN 4WD",12,17,14
2008,"ROUSH PERFORMANCE","STAGE3 F150 REGULAR CAR 4WD",11,15,13
2008,"ROUSH PERFORMANCE","STAGE3 F150 SUPERCAB 4WD",11,15,13
2008,"ROUSH PERFORMANCE","STAGE3 F150 SUPERCREW 4WD",11,15,13
2008,"TCSTR","FOOSE F150 REGULAR CAR 4WD",11,15,13
2008,"TCSTR","FOOSE F150 SUPERCAB 4WD",11,15,13
2008,"TCSTR","FOOSE F150 SUPERCREW 4WD",11,15,13
2008,"TOYOTA","TOYOTA TUNDRA 4WD",13,16,15
2008,"TOYOTA","TOYOTA TUNDRA 4WD",13,17,14
2008,"CHEVROLET","G15/25 VAN CONV 2WD",12,16,14
2008,"CHEVROLET","G15/25 VAN CONV 2WD",9,12,10
2008,"CHEVROLET","G15/25 VAN CONV 2WD",12,16,14
2008,"CHEVROLET","G1500/2500 VAN 2WD",15,20,17
2008,"CHEVROLET","G1500/2500 VAN 2WD",14,18,15
2008,"CHEVROLET","G1500/2500 VAN 2WD",10,13,11
2008,"CHEVROLET","G1500/2500 VAN 2WD",14,18,15
2008,"CHEVROLET","H1500 VAN CONV AWD",12,16,14
2008,"CHEVROLET","H1500 VAN CONV AWD",9,12,10
2008,"CHEVROLET","H1500 VAN CONV AWD",12,16,14
2008,"CHEVROLET","H1500/2500 VAN AWD",13,17,15
2008,"CHEVROLET","H1500/2500 VAN AWD",10,12,11
2008,"CHEVROLET","H1500/2500 VAN AWD",13,17,15
2008,"GMC","G15/25 SAVANA 2WD CARGO CONV",12,16,14
2008,"GMC","G15/25 SAVANA 2WD CARGO CONV",9,12,10
2008,"GMC","G15/25 SAVANA 2WD CARGO CONV",12,16,14
2008,"GMC","G1500/2500 SAVANA 2WD CARGO",15,20,17
2008,"GMC","G1500/2500 SAVANA 2WD CARGO",14,18,15
2008,"GMC","G1500/2500 SAVANA 2WD CARGO",10,13,11
2008,"GMC","G1500/2500 SAVANA 2WD CARGO",14,18,15
2008,"GMC","H1500 SAVANA AWD CARGO CONV",12,16,14
2008,"GMC","H1500 SAVANA AWD CARGO CONV",9,12,10
2008,"GMC","H1500 SAVANA AWD CARGO CONV",12,16,14
2008,"GMC","H1500/2500 SAVANA CARGO AWD",13,17,15
2008,"GMC","H1500/2500 SAVANA CARGO AWD",10,12,11
2008,"GMC","H1500/2500 SAVANA CARGO AWD",13,17,15
2008,"CHEVROLET","G1500/2500 EXPRESS 2WD",12,16,14
2008,"CHEVROLET","G1500/2500 EXPRESS 2WD",9,12,10
2008,"CHEVROLET","G1500/2500 EXPRESS 2WD",12,16,14
2008,"CHEVROLET","H1500 EXPRESS AWD",12,16,14
2008,"CHEVROLET","H1500 EXPRESS AWD",9,12,10
2008,"CHEVROLET","H1500 EXPRESS AWD",12,16,14
2008,"GMC","G1500/2500 SAVANA 2WD PASS",12,16,14
2008,"GMC","G1500/2500 SAVANA 2WD PASS",9,12,10
2008,"GMC","G1500/2500 SAVANA 2WD PASS",12,16,14
2008,"GMC","H1500 SAVANA PASS VAN AWD",12,16,14
2008,"GMC","H1500 SAVANA PASS VAN AWD",9,12,10
2008,"GMC","H1500 SAVANA PASS VAN AWD",12,16,14
2008,"BUICK","TERRAZA FWD",16,23,19
2008,"CHEVROLET","UPLANDER FWD",16,23,19
2008,"CHEVROLET","UPLANDER FWD",12,17,14
2008,"CHEVROLET","UPLANDER FWD",16,23,19
2008,"CHRYSLER","TOWN & COUNTRY 2WD",17,24,19
2008,"CHRYSLER","TOWN & COUNTRY 2WD",11,17,13
2008,"CHRYSLER","TOWN & COUNTRY 2WD",17,24,19
2008,"CHRYSLER","TOWN & COUNTRY 2WD",16,23,18
2008,"CHRYSLER","TOWN & COUNTRY 2WD",16,23,18
2008,"DODGE","CARAVAN 2WD",17,24,19
2008,"DODGE","CARAVAN 2WD",11,17,13
2008,"DODGE","CARAVAN 2WD",17,24,19
2008,"DODGE","CARAVAN 2WD",16,23,18
2008,"DODGE","CARAVAN 2WD",16,23,18
2008,"HONDA","ODYSSEY 2WD",16,23,18
2008,"HONDA","ODYSSEY 2WD",17,25,20
2008,"HYUNDAI","ENTOURAGE",16,23,18
2008,"KIA","SEDONA",16,23,18
2008,"MAZDA","MAZDA 5",21,27,23
2008,"MAZDA","MAZDA 5",22,28,24
2008,"NISSAN","QUEST",16,24,19
2008,"TOYOTA","SIENNA 2WD",17,23,19
2008,"TOYOTA","SIENNA 4WD",16,21,18
2008,"BUICK","ENCLAVE FWD",16,24,19
2008,"CADILLAC","ESCALADE 2WD",12,19,14
2008,"CADILLAC","ESCALADE ESV 2WD",12,19,14
2008,"CADILLAC","SRX 2WD",15,22,17
2008,"CADILLAC","SRX 2WD",13,20,16
2008,"CHEVROLET","C1500 AVALANCHE 2WD",14,20,16
2008,"CHEVROLET","C1500 AVALANCHE 2WD",11,15,12
2008,"CHEVROLET","C1500 AVALANCHE 2WD",14,20,16
2008,"CHEVROLET","C1500 AVALANCHE 2WD",12,17,14
2008,"CHEVROLET","C1500 SUBURBAN 2WD",14,20,16
2008,"CHEVROLET","C1500 SUBURBAN 2WD",11,15,12
2008,"CHEVROLET","C1500 SUBURBAN 2WD",14,20,16
2008,"CHEVROLET","C1500 SUBURBAN 2WD",12,17,14
2008,"CHEVROLET","C1500 TAHOE 2WD",14,19,16
2008,"CHEVROLET","C1500 TAHOE 2WD",14,20,16
2008,"CHEVROLET","C1500 TAHOE 2WD",11,15,12
2008,"CHEVROLET","C1500 TAHOE 2WD",14,20,16
2008,"CHEVROLET","C1500 TAHOE 2WD",12,19,14
2008,"CHEVROLET","C1500 TAHOE HYBRID 2WD",21,22,21
2008,"CHEVROLET","EQUINOX FWD",17,24,19
2008,"CHEVROLET","EQUINOX FWD",16,24,19
2008,"CHEVROLET","HHR FWD",19,28,22
2008,"CHEVROLET","HHR FWD",21,29,24
2008,"CHEVROLET","HHR FWD",22,30,25
2008,"CHEVROLET","HHR FWD",21,30,24
2008,"CHEVROLET","HHR FWD",22,28,24
2008,"CHEVROLET","HHR FWD",20,28,23
2008,"CHEVROLET","HHR PANEL FWD",22,30,25
2008,"CHEVROLET","HHR PANEL FWD",20,30,24
2008,"CHEVROLET","HHR PANEL FWD",22,28,24
2008,"CHEVROLET","HHR PANEL FWD",20,29,23
2008,"CHEVROLET","TRAILBLAZER 2WD",14,20,16
2008,"CHEVROLET","TRAILBLAZER 2WD",14,20,17
2008,"CHEVROLET","TRAILBLAZER 2WD",12,16,14
2008,"CHRYSLER","ASPEN 2WD",14,19,15
2008,"CHRYSLER","ASPEN 2WD",9,12,10
2008,"CHRYSLER","ASPEN 2WD",14,19,15
2008,"CHRYSLER","ASPEN 2WD",13,19,15
2008,"CHRYSLER","PACIFICA FWD",15,22,18
2008,"CHRYSLER","PACIFICA FWD",15,23,17
2008,"CHRYSLER","PT CRUISER",18,24,21
2008,"CHRYSLER","PT CRUISER",19,24,21
2008,"CHRYSLER","PT CRUISER",20,25,22
2008,"CHRYSLER","PT CRUISER",21,26,23
2008,"DODGE","DURANGO 2WD",14,19,16
2008,"DODGE","DURANGO 2WD",14,19,15
2008,"DODGE","DURANGO 2WD",9,12,10
2008,"DODGE","DURANGO 2WD",14,19,15
2008,"DODGE","DURANGO 2WD",13,19,15
2008,"DODGE","MAGNUM",18,26,21
2008,"DODGE","MAGNUM",17,24,20
2008,"DODGE","MAGNUM",17,24,20
2008,"DODGE","MAGNUM",15,23,18
2008,"DODGE","MAGNUM",13,18,15
2008,"DODGE","NITRO 2WD",16,22,18
2008,"DODGE","NITRO 2WD",16,22,19
2008,"DODGE","NITRO 2WD",16,21,18
2008,"FORD","EDGE FWD",16,24,19
2008,"FORD","ESCAPE FWD",20,26,22
2008,"FORD","ESCAPE FWD",22,28,24
2008,"FORD","ESCAPE FWD",18,24,20
2008,"FORD","ESCAPE HYBRID FWD",34,30,32
2008,"FORD","EXPEDITION 2WD",12,18,14
2008,"FORD","EXPLORER 2WD",14,20,16
2008,"FORD","EXPLORER 2WD",13,20,16
2008,"FORD","TAURUS X FWD",16,24,19
2008,"GMC","ACADIA FWD",16,24,19
2008,"GMC","C1500 YUKON 2WD",14,19,16
2008,"GMC","C1500 YUKON 2WD",14,20,16
2008,"GMC","C1500 YUKON 2WD",11,15,12
2008,"GMC","C1500 YUKON 2WD",14,20,16
2008,"GMC","C1500 YUKON 2WD",12,19,14
2008,"GMC","C1500 YUKON HYBRID 2WD",21,22,21
2008,"GMC","C1500 YUKON XL 2WD",14,20,16
2008,"GMC","C1500 YUKON XL 2WD",11,15,12
2008,"GMC","C1500 YUKON XL 2WD",14,20,16
2008,"GMC","C1500 YUKON XL 2WD",12,17,14
2008,"GMC","C1500 YUKON XL 2WD",12,19,14
2008,"GMC","ENVOY 2WD",14,20,16
2008,"GMC","ENVOY 2WD",14,20,17
2008,"HONDA","CR-V 2WD",20,27,23
2008,"HONDA","ELEMENT 2WD",20,25,22
2008,"HONDA","ELEMENT 2WD",18,23,20
2008,"HONDA","PILOT 2WD",16,22,18
2008,"HYUNDAI","SANTAFE 2WD",18,24,20
2008,"HYUNDAI","SANTAFE 2WD",17,24,20
2008,"HYUNDAI","SANTAFE 2WD",17,24,20
2008,"HYUNDAI","TUCSON 2WD",19,25,22
2008,"HYUNDAI","TUCSON 2WD",20,25,22
2008,"HYUNDAI","TUCSON 2WD",18,24,20
2008,"HYUNDAI","VERACRUZ 2WD",16,23,18
2008,"INFINITI","FX35 RWD",15,22,18
2008,"INFINITI","QX56 2WD",12,18,14
2008,"ISUZU","ASCENDER 5-PASSENGER 2WD",14,20,16
2008,"JEEP","COMMANDER 2WD",14,19,16
2008,"JEEP","COMMANDER 2WD",9,13,10
2008,"JEEP","COMMANDER 2WD",14,19,15
2008,"JEEP","COMMANDER 2WD",13,19,15
2008,"JEEP","COMPASS 2WD",23,27,24
2008,"JEEP","COMPASS 2WD",21,25,23
2008,"JEEP","COMPASS 2WD",23,28,25
2008,"JEEP","GRAND CHEROKEE 2WD",18,23,20
2008,"JEEP","GRAND CHEROKEE 2WD",15,20,17
2008,"JEEP","GRAND CHEROKEE 2WD",9,13,10
2008,"JEEP","GRAND CHEROKEE 2WD",14,19,15
2008,"JEEP","GRAND CHEROKEE 2WD",13,19,15
2008,"JEEP","LIBERTY 2WD",16,22,18
2008,"JEEP","LIBERTY 2WD",16,22,19
2008,"JEEP","PATRIOT 2WD",23,27,24
2008,"JEEP","PATRIOT 2WD",21,25,23
2008,"JEEP","PATRIOT 2WD",23,28,25
2008,"JEEP","WRANGLER 2WD",15,20,17
2008,"JEEP","WRANGLER 2WD",16,21,18
2008,"KIA","SORENTO 2WD",16,22,18
2008,"KIA","SORENTO 2WD",15,21,17
2008,"KIA","SPORTAGE 2WD",19,25,21
2008,"KIA","SPORTAGE 2WD",20,25,22
2008,"KIA","SPORTAGE 2WD",17,23,20
2008,"LEXUS","RX 350 2WD",18,23,20
2008,"LEXUS","RX 350 2WD",18,23,20
2008,"LEXUS","RX 400H 2WD",27,24,25
2008,"LINCOLN","MKX FWD",16,24,19
2008,"LINCOLN","NAVIGATOR 2WD",12,18,14
2008,"MAZDA","CX-7 2WD",17,23,19
2008,"MAZDA","CX-9 2WD",16,22,18
2008,"MAZDA","TRIBUTE FWD",20,26,22
2008,"MAZDA","TRIBUTE FWD",22,28,24
2008,"MAZDA","TRIBUTE FWD",18,24,20
2008,"MAZDA","TRIBUTE HYBRID 2WD",34,30,32
2008,"MERCEDES-BENZ","R350",15,20,17
2008,"MERCURY","MARINER FWD",20,26,22
2008,"MERCURY","MARINER FWD",18,24,20
2008,"MERCURY","MARINER HYBRID FWD",34,30,32
2008,"MERCURY","MOUNTAINEER 2WD",14,20,16
2008,"MERCURY","MOUNTAINEER 2WD",13,20,16
2008,"MITSUBISHI","ENDEAVOR 2WD",15,22,18
2008,"MITSUBISHI","OUTLANDER 2WD",20,25,22
2008,"MITSUBISHI","OUTLANDER 2WD",17,25,20
2008,"NISSAN","ARMADA 2WD",12,18,14
2008,"NISSAN","ARMADA 2WD",9,13,10
2008,"NISSAN","ARMADA 2WD",12,18,14
2008,"NISSAN","PATHFINDER 2WD",15,22,17
2008,"NISSAN","PATHFINDER 2WD",13,18,15
2008,"NISSAN","ROGUE FWD",22,27,24
2008,"NISSAN","XTERRA 2WD",15,20,17
2008,"NISSAN","XTERRA 2WD",16,20,17
2008,"PONTIAC","TORRENT FWD",17,24,19
2008,"PONTIAC","TORRENT FWD",16,24,19
2008,"SATURN","OUTLOOK FWD",16,24,19
2008,"SATURN","VUE FWD",19,26,22
2008,"SATURN","VUE FWD",16,23,19
2008,"SATURN","VUE FWD",16,24,19
2008,"SATURN","VUE HYBRID",25,32,28
2008,"SUZUKI","GRAND VITARA",17,22,19
2008,"SUZUKI","GRAND VITARA",16,22,18
2008,"SUZUKI","XL7 FWD",16,22,18
2008,"TOYOTA","4RUNNER 2WD",16,21,18
2008,"TOYOTA","4RUNNER 2WD",15,19,17
2008,"TOYOTA","FJ CRUISER 2WD",16,20,18
2008,"TOYOTA","HIGHLANDER 2WD",18,24,20
2008,"TOYOTA","RAV4 2WD",21,27,24
2008,"TOYOTA","RAV4 2WD",19,27,22
2008,"TOYOTA","SEQUOIA 2WD",14,17,15
2008,"TOYOTA","SEQUOIA 2WD",14,19,15
2008,"VOLVO","XC 90 FWD",14,20,16
2008,"ACURA","MDX 4WD",15,20,17
2008,"ACURA","RDX 4WD",17,22,19
2008,"AUDI","Q7",14,20,16
2008,"AUDI","Q7",12,17,14
2008,"BMW","X3 3.0SI",17,24,20
2008,"BMW","X3 3.0SI",16,23,19
2008,"BMW","X5 3.0SI",15,21,18
2008,"BMW","X5 4.8I",14,19,16
2008,"BMW","X6 XDRIVE35I",15,20,17
2008,"BMW","X6 XDRIVE50I",13,18,15
2008,"BUICK","ENCLAVE AWD",16,22,18
2008,"CADILLAC","ESCALADE AWD",12,18,14
2008,"CADILLAC","SRX AWD",14,22,17
2008,"CADILLAC","SRX AWD",13,20,15
2008,"CHEVROLET","EQUINOX AWD",17,24,19
2008,"CHEVROLET","EQUINOX AWD",16,24,19
2008,"CHEVROLET","K1500 AVALANCHE 4WD",11,14,12
2008,"CHEVROLET","K1500 AVALANCHE 4WD",14,19,16
2008,"CHEVROLET","K1500 AVALANCHE 4WD",12,17,14
2008,"CHEVROLET","K1500 SUBURBAN 4WD",11,14,12
2008,"CHEVROLET","K1500 SUBURBAN 4WD",14,19,16
2008,"CHEVROLET","K1500 SUBURBAN 4WD",12,17,14
2008,"CHEVROLET","K1500 TAHOE 4WD",11,14,12
2008,"CHEVROLET","K1500 TAHOE 4WD",14,19,16
2008,"CHEVROLET","K1500 TAHOE HYBRID 4WD",20,20,20
2008,"CHEVROLET","TRAILBLAZER 4WD",14,20,16
2008,"CHEVROLET","TRAILBLAZER 4WD",13,19,16
2008,"CHEVROLET","TRAILBLAZER AWD",12,16,13
2008,"CHRYSLER","ASPEN 4WD",13,17,15
2008,"CHRYSLER","ASPEN 4WD",9,12,10
2008,"CHRYSLER","ASPEN 4WD",13,17,15
2008,"CHRYSLER","ASPEN 4WD",13,18,15
2008,"CHRYSLER","PACIFICA AWD",14,22,17
2008,"DODGE","DURANGO 4WD",13,17,15
2008,"DODGE","DURANGO 4WD",9,12,10
2008,"DODGE","DURANGO 4WD",13,17,15
2008,"DODGE","DURANGO 4WD",13,18,15
2008,"DODGE","MAGNUM AWD",15,22,18
2008,"DODGE","MAGNUM AWD",15,22,18
2008,"DODGE","NITRO 4WD",15,21,17
2008,"DODGE","NITRO 4WD",16,22,18
2008,"DODGE","NITRO 4WD",15,20,17
2008,"FORD","EDGE AWD",15,22,18
2008,"FORD","ESCAPE 4WD",19,24,21
2008,"FORD","ESCAPE 4WD",17,22,19
2008,"FORD","ESCAPE HYBRID 4WD",29,27,28
2008,"FORD","EXPLORER 4WD",13,19,15
2008,"FORD","EXPLORER 4WD",13,19,15
2008,"FORD","TAURUS X AWD",15,22,18
2008,"GMC","ACADIA AWD",16,22,18
2008,"GMC","ENVOY 4WD",14,20,16
2008,"GMC","ENVOY 4WD",13,19,16
2008,"GMC","K1500 YUKON 4WD",11,14,12
2008,"GMC","K1500 YUKON 4WD",14,19,16
2008,"GMC","K1500 YUKON DENALI AWD",12,18,14
2008,"GMC","K1500 YUKON HYBRID 4WD",20,20,20
2008,"GMC","K1500 YUKON XL 4WD",11,14,12
2008,"GMC","K1500 YUKON XL 4WD",14,19,16
2008,"GMC","K1500 YUKON XL 4WD",12,17,14
2008,"HONDA","CR-V 4WD",20,26,22
2008,"HONDA","ELEMENT 4WD",19,24,21
2008,"HONDA","ELEMENT 4WD",18,23,20
2008,"HONDA","PILOT 4WD",15,20,17
2008,"HUMMER","H3 4WD",14,18,15
2008,"HUMMER","H3 4WD",13,18,15
2008,"HUMMER","H3 4WD",13,16,14
2008,"HYUNDAI","SANTAFE 4WD",17,23,19
2008,"HYUNDAI","SANTAFE 4WD",17,23,19
2008,"HYUNDAI","SANTAFE 4WD",17,24,19
2008,"HYUNDAI","TUCSON 4WD",19,24,21
2008,"HYUNDAI","TUCSON 4WD",17,23,19
2008,"HYUNDAI","VERACRUZ 4WD",15,22,18
2008,"INFINITI","FX35 AWD",15,20,17
2008,"INFINITI","FX45 AWD",13,17,14
2008,"INFINITI","QX56 4WD",12,17,14
2008,"ISUZU","ASCENDER 5-PASSENGER 4WD",14,20,16
2008,"JEEP","COMMANDER 4WD",14,19,16
2008,"JEEP","COMMANDER 4WD",9,12,10
2008,"JEEP","COMMANDER 4WD",13,18,14
2008,"JEEP","COMMANDER 4WD",13,17,14
2008,"JEEP","COMPASS 4WD",21,24,22
2008,"JEEP","COMPASS 4WD",22,27,24
2008,"JEEP","GRAND CHEROKEE 4WD",17,22,19
2008,"JEEP","GRAND CHEROKEE 4WD",15,19,17
2008,"JEEP","GRAND CHEROKEE 4WD",9,12,10
2008,"JEEP","GRAND CHEROKEE 4WD",14,19,15
2008,"JEEP","GRAND CHEROKEE 4WD",13,18,15
2008,"JEEP","GRAND CHEROKEE 4WD",11,14,12
2008,"JEEP","LIBERTY 4WD",15,21,17
2008,"JEEP","LIBERTY 4WD",16,22,18
2008,"JEEP","PATRIOT 4WD",21,24,22
2008,"JEEP","PATRIOT 4WD",20,22,21
2008,"JEEP","PATRIOT 4WD",22,27,24
2008,"JEEP","WRANGLER 4WD",15,19,17
2008,"JEEP","WRANGLER 4WD",15,19,16
2008,"KIA","SORENTO 4WD",15,22,17
2008,"KIA","SORENTO 4WD",15,20,17
2008,"KIA","SPORTAGE 4WD",19,24,21
2008,"KIA","SPORTAGE 4WD",17,21,19
2008,"LAND ROVER","LR2",15,22,17
2008,"LAND ROVER","LR3",12,17,14
2008,"LAND ROVER","RANGE ROVER",12,18,14
2008,"LAND ROVER","RANGE ROVER",12,18,14
2008,"LAND ROVER","RANGE ROVER SPORT",12,18,14
2008,"LAND ROVER","RANGE ROVER SPORT",12,18,15
2008,"LEXUS","GX 470",14,18,15
2008,"LEXUS","LX 570",12,18,14
2008,"LEXUS","RX 350 4WD",17,22,19
2008,"LEXUS","RX 350 4WD",17,22,19
2008,"LEXUS","RX 400H 4WD",26,24,25
2008,"LINCOLN","MKX AWD",15,22,18
2008,"MAZDA","CX-7 4WD",16,22,18
2008,"MAZDA","CX-9 4WD",15,21,17
2008,"MAZDA","TRIBUTE 4WD",19,24,21
2008,"MAZDA","TRIBUTE 4WD",17,22,19
2008,"MAZDA","TRIBUTE HYBRID 4WD",29,27,28
2008,"MERCEDES-BENZ","G500",12,15,13
2008,"MERCEDES-BENZ","G55 AMG",11,13,12
2008,"MERCEDES-BENZ","GL320 CDI 4MATIC",18,24,20
2008,"MERCEDES-BENZ","GL450 4MATIC",13,18,15
2008,"MERCEDES-BENZ","GL550 4MATIC",13,17,14
2008,"MERCEDES-BENZ","ML320 CDI 4MATIC",18,24,21
2008,"MERCEDES-BENZ","ML350 4MATIC",15,20,17
2008,"MERCEDES-BENZ","ML550 4MATIC",13,18,15
2008,"MERCEDES-BENZ","ML63 AMG",11,14,12
2008,"MERCEDES-BENZ","R320 CDI 4MATIC",18,24,21
2008,"MERCEDES-BENZ","R350 4MATIC",15,19,16
2008,"MERCURY","MARINER 4WD",19,24,21
2008,"MERCURY","MARINER 4WD",17,22,19
2008,"MERCURY","MARINER HYBRID 4WD",29,27,28
2008,"MERCURY","MOUNTAINEER 4WD",13,19,15
2008,"MERCURY","MOUNTAINEER 4WD",13,19,15
2008,"MITSUBISHI","ENDEAVOR AWD",15,19,17
2008,"MITSUBISHI","OUTLANDER 4WD",20,25,22
2008,"MITSUBISHI","OUTLANDER 4WD",17,24,20
2008,"NISSAN","ARMADA 4WD",12,17,14
2008,"NISSAN","ARMADA 4WD",9,13,10
2008,"NISSAN","ARMADA 4WD",12,17,14
2008,"NISSAN","PATHFINDER 4WD",14,20,16
2008,"NISSAN","PATHFINDER 4WD",12,18,14
2008,"NISSAN","ROGUE AWD",21,26,23
2008,"NISSAN","XTERRA 4WD",14,20,16
2008,"NISSAN","XTERRA 4WD",16,20,17
2008,"PONTIAC","TORRENT AWD",17,24,19
2008,"PONTIAC","TORRENT AWD",16,24,19
2008,"PORSCHE","CAYENNE",14,20,16
2008,"PORSCHE","CAYENNE",14,20,16
2008,"PORSCHE","CAYENNE GTS",13,18,15
2008,"PORSCHE","CAYENNE GTS",11,17,13
2008,"PORSCHE","CAYENNE S",13,19,15
2008,"PORSCHE","CAYENNE TURBO",12,19,14
2008,"SAAB","9-7X AWD",14,20,16
2008,"SAAB","9-7X AWD",13,19,16
2008,"SAAB","9-7X AWD",12,16,13
2008,"SATURN","OUTLOOK AWD",16,22,18
2008,"SATURN","VUE AWD",15,22,17
2008,"SATURN","VUE AWD",16,22,18
2008,"SATURN","VUE AWD",16,22,18
2008,"SUBARU","FORESTER AWD",18,23,20
2008,"SUBARU","FORESTER AWD",20,26,22
2008,"SUBARU","FORESTER AWD",19,25,21
2008,"SUBARU","FORESTER AWD",20,27,22
2008,"SUBARU","OUTBACK WAGON AWD",20,26,22
2008,"SUBARU","OUTBACK WAGON AWD",18,24,20
2008,"SUBARU","OUTBACK WAGON AWD",18,24,20
2008,"SUBARU","OUTBACK WAGON AWD",19,26,22
2008,"SUBARU","OUTBACK WAGON AWD",17,24,20
2008,"SUBARU","TRIBECA AWD",16,21,18
2008,"SUZUKI","GRAND VITARA 4WD",17,21,19
2008,"SUZUKI","GRAND VITARA 4WD",16,21,18
2008,"SUZUKI","XL7 AWD",15,22,18
2008,"TOYOTA","4RUNNER 4WD",16,20,17
2008,"TOYOTA","4RUNNER 4WD",14,17,15
2008,"TOYOTA","FJ CRUISER 4WD",16,20,17
2008,"TOYOTA","FJ CRUISER 4WD",15,18,16
2008,"TOYOTA","HIGHLANDER 4WD",17,23,19
2008,"TOYOTA","HIGHLANDER HYBRID 4WD",27,25,26
2008,"TOYOTA","LAND CRUISER WAGON 4WD",13,18,15
2008,"TOYOTA","RAV4 4WD",20,25,22
2008,"TOYOTA","RAV4 4WD",19,26,21
2008,"TOYOTA","SEQUOIA 4WD",13,16,14
2008,"TOYOTA","SEQUOIA 4WD",13,18,15
2008,"VOLKSWAGEN","TOUAREG",14,20,16
2008,"VOLKSWAGEN","TOUAREG",12,17,14
2008,"VOLKSWAGEN","TOUAREG",15,20,17
2008,"VOLVO","XC 70 AWD",15,22,17
2008,"VOLVO","XC 90 AWD",14,20,16
2008,"VOLVO","XC 90 AWD",13,19,15
